{
  "address": "FeWGbNukxLxUcNwMkX9GDcRqX95zWkCgutvAyFFnycka",
  "metadata": {
    "name": "soladz",
    "version": "0.1.0",
    "spec": "0.1.0",
    "description": "Created with Anchor"
  },
  "instructions": [
    {
      "name": "add_admin",
      "discriminator": [
        177,
        236,
        33,
        205,
        124,
        152,
        55,
        186
      ],
      "accounts": [
        {
          "name": "owner",
          "writable": true,
          "signer": true,
          "relations": [
            "app_stats"
          ]
        },
        {
          "name": "app_stats",
          "writable": true,
          "pda": {
            "seeds": [
              {
                "kind": "const",
                "value": [
                  97,
                  112,
                  112,
                  45,
                  115,
                  116,
                  97,
                  116,
                  115
                ]
              }
            ]
          }
        },
        {
          "name": "admin"
        },
        {
          "name": "admin_account",
          "writable": true,
          "pda": {
            "seeds": [
              {
                "kind": "const",
                "value": [
                  105,
                  110,
                  118,
                  101,
                  115,
                  116,
                  111,
                  114
                ]
              },
              {
                "kind": "account",
                "path": "admin"
              }
            ]
          }
        }
      ],
      "args": []
    },
    {
      "name": "change_owner",
      "discriminator": [
        109,
        40,
        40,
        90,
        224,
        120,
        193,
        184
      ],
      "accounts": [
        {
          "name": "owner",
          "writable": true,
          "signer": true,
          "relations": [
            "app_stats"
          ]
        },
        {
          "name": "app_stats",
          "writable": true,
          "pda": {
            "seeds": [
              {
                "kind": "const",
                "value": [
                  97,
                  112,
                  112,
                  45,
                  115,
                  116,
                  97,
                  116,
                  115
                ]
              }
            ]
          }
        },
        {
          "name": "new_owner"
        }
      ],
      "args": []
    },
    {
      "name": "claim",
      "discriminator": [
        62,
        198,
        214,
        193,
        213,
        159,
        108,
        210
      ],
      "accounts": [
        {
          "name": "investor",
          "writable": true,
          "signer": true
        },
        {
          "name": "investor_account",
          "writable": true,
          "pda": {
            "seeds": [
              {
                "kind": "const",
                "value": [
                  105,
                  110,
                  118,
                  101,
                  115,
                  116,
                  111,
                  114
                ]
              },
              {
                "kind": "account",
                "path": "investor"
              }
            ]
          }
        },
        {
          "name": "vault",
          "writable": true,
          "pda": {
            "seeds": [
              {
                "kind": "const",
                "value": [
                  118,
                  97,
                  117,
                  108,
                  116
                ]
              }
            ]
          }
        },
        {
          "name": "system_program",
          "address": "11111111111111111111111111111111"
        }
      ],
      "args": []
    },
    {
      "name": "initialize",
      "discriminator": [
        175,
        175,
        109,
        31,
        13,
        152,
        155,
        237
      ],
      "accounts": [
        {
          "name": "signer",
          "writable": true,
          "signer": true
        },
        {
          "name": "app_stats",
          "writable": true,
          "pda": {
            "seeds": [
              {
                "kind": "const",
                "value": [
                  97,
                  112,
                  112,
                  45,
                  115,
                  116,
                  97,
                  116,
                  115
                ]
              }
            ]
          }
        },
        {
          "name": "system_program",
          "address": "11111111111111111111111111111111"
        }
      ],
      "args": []
    },
    {
      "name": "invest",
      "discriminator": [
        13,
        245,
        180,
        103,
        254,
        182,
        121,
        4
      ],
      "accounts": [
        {
          "name": "investor",
          "writable": true,
          "signer": true
        },
        {
          "name": "investor_account",
          "writable": true,
          "pda": {
            "seeds": [
              {
                "kind": "const",
                "value": [
                  105,
                  110,
                  118,
                  101,
                  115,
                  116,
                  111,
                  114
                ]
              },
              {
                "kind": "account",
                "path": "investor"
              }
            ]
          }
        },
        {
          "name": "vault",
          "writable": true,
          "pda": {
            "seeds": [
              {
                "kind": "const",
                "value": [
                  118,
                  97,
                  117,
                  108,
                  116
                ]
              }
            ]
          }
        },
        {
          "name": "fee_account",
          "writable": true,
          "address": "Gaj7cGbQ3CCWkqn8QsnLXEVaBaTN98GRxkX1pPsC4yNS"
        },
        {
          "name": "app_stats",
          "writable": true,
          "pda": {
            "seeds": [
              {
                "kind": "const",
                "value": [
                  97,
                  112,
                  112,
                  45,
                  115,
                  116,
                  97,
                  116,
                  115
                ]
              }
            ]
          }
        },
        {
          "name": "system_program",
          "address": "11111111111111111111111111111111"
        }
      ],
      "args": [
        {
          "name": "lamports",
          "type": "u64"
        }
      ]
    },
    {
      "name": "investor_withdraw",
      "discriminator": [
        245,
        32,
        238,
        154,
        178,
        216,
        9,
        151
      ],
      "accounts": [
        {
          "name": "investor",
          "writable": true,
          "signer": true
        },
        {
          "name": "investor_account",
          "writable": true,
          "pda": {
            "seeds": [
              {
                "kind": "const",
                "value": [
                  105,
                  110,
                  118,
                  101,
                  115,
                  116,
                  111,
                  114
                ]
              },
              {
                "kind": "account",
                "path": "investor"
              }
            ]
          }
        },
        {
          "name": "vault",
          "writable": true,
          "pda": {
            "seeds": [
              {
                "kind": "const",
                "value": [
                  118,
                  97,
                  117,
                  108,
                  116
                ]
              }
            ]
          }
        },
        {
          "name": "app_stats",
          "writable": true,
          "pda": {
            "seeds": [
              {
                "kind": "const",
                "value": [
                  97,
                  112,
                  112,
                  45,
                  115,
                  116,
                  97,
                  116,
                  115
                ]
              }
            ]
          }
        },
        {
          "name": "system_program",
          "address": "11111111111111111111111111111111"
        }
      ],
      "args": [
        {
          "name": "lamports",
          "type": "u64"
        }
      ]
    },
    {
      "name": "open_new_cycle",
      "discriminator": [
        95,
        148,
        140,
        167,
        75,
        216,
        167,
        194
      ],
      "accounts": [
        {
          "name": "investor",
          "writable": true,
          "signer": true
        },
        {
          "name": "investor_account",
          "writable": true,
          "pda": {
            "seeds": [
              {
                "kind": "const",
                "value": [
                  105,
                  110,
                  118,
                  101,
                  115,
                  116,
                  111,
                  114
                ]
              },
              {
                "kind": "account",
                "path": "investor"
              }
            ]
          }
        }
      ],
      "args": []
    },
    {
      "name": "owner_withdraw",
      "discriminator": [
        138,
        172,
        103,
        228,
        254,
        96,
        114,
        178
      ],
      "accounts": [
        {
          "name": "owner",
          "writable": true,
          "signer": true,
          "relations": [
            "app_stats"
          ]
        },
        {
          "name": "vault",
          "writable": true,
          "pda": {
            "seeds": [
              {
                "kind": "const",
                "value": [
                  118,
                  97,
                  117,
                  108,
                  116
                ]
              }
            ]
          }
        },
        {
          "name": "app_stats",
          "writable": true,
          "pda": {
            "seeds": [
              {
                "kind": "const",
                "value": [
                  97,
                  112,
                  112,
                  45,
                  115,
                  116,
                  97,
                  116,
                  115
                ]
              }
            ]
          }
        },
        {
          "name": "system_program",
          "address": "11111111111111111111111111111111"
        }
      ],
      "args": []
    },
    {
      "name": "remove_admin",
      "discriminator": [
        74,
        202,
        71,
        106,
        252,
        31,
        72,
        183
      ],
      "accounts": [
        {
          "name": "owner",
          "writable": true,
          "signer": true,
          "relations": [
            "app_stats"
          ]
        },
        {
          "name": "app_stats",
          "writable": true,
          "pda": {
            "seeds": [
              {
                "kind": "const",
                "value": [
                  97,
                  112,
                  112,
                  45,
                  115,
                  116,
                  97,
                  116,
                  115
                ]
              }
            ]
          }
        },
        {
          "name": "admin"
        },
        {
          "name": "admin_account",
          "writable": true,
          "pda": {
            "seeds": [
              {
                "kind": "const",
                "value": [
                  105,
                  110,
                  118,
                  101,
                  115,
                  116,
                  111,
                  114
                ]
              },
              {
                "kind": "account",
                "path": "admin"
              }
            ]
          }
        }
      ],
      "args": []
    },
    {
      "name": "reward_view",
      "discriminator": [
        85,
        225,
        0,
        65,
        221,
        255,
        31,
        160
      ],
      "accounts": [
        {
          "name": "investor_account"
        }
      ],
      "args": [],
      "returns": "u64"
    }
  ],
  "accounts": [
    {
      "name": "AppStats",
      "discriminator": [
        206,
        93,
        247,
        108,
        77,
        231,
        85,
        144
      ]
    },
    {
      "name": "Investor",
      "discriminator": [
        174,
        129,
        17,
        83,
        36,
        116,
        26,
        196
      ]
    }
  ],
  "errors": [
    {
      "code": 6000,
      "name": "CustomError",
      "msg": "Custom error message"
    },
    {
      "code": 6001,
      "name": "InsufficientBalance",
      "msg": "Insufficient balance"
    },
    {
      "code": 6002,
      "name": "CantReachNewCycle",
      "msg": "Can not reach new cycle"
    },
    {
      "code": 6003,
      "name": "ReachedMaxLevel",
      "msg": "Reached max level"
    }
  ],
  "types": [
    {
      "name": "AppStats",
      "type": {
        "kind": "struct",
        "fields": [
          {
            "name": "owner",
            "type": "pubkey"
          },
          {
            "name": "investor_count",
            "type": "u64"
          },
          {
            "name": "top_sponser_pool",
            "type": "u64"
          },
          {
            "name": "whale_pool",
            "type": "u64"
          },
          {
            "name": "total_deposits",
            "type": "u64"
          },
          {
            "name": "last_top_sponser_distribution",
            "type": "u64"
          },
          {
            "name": "last_whale_distribution",
            "type": "u64"
          }
        ]
      }
    },
    {
      "name": "Investor",
      "type": {
        "kind": "struct",
        "fields": [
          {
            "name": "investor",
            "type": "pubkey"
          },
          {
            "name": "is_admin",
            "type": "bool"
          },
          {
            "name": "amount",
            "type": "u64"
          },
          {
            "name": "last_update",
            "type": "i64"
          },
          {
            "name": "current_cycle",
            "type": "u8"
          },
          {
            "name": "total_earned",
            "type": "u64"
          },
          {
            "name": "cycle_completed",
            "type": "bool"
          },
          {
            "name": "referred_count",
            "type": "u16"
          },
          {
            "name": "referred_amount",
            "type": "u64"
          }
        ]
      }
    }
  ],
  "constants": [
    {
      "name": "SEED",
      "type": "string",
      "value": "\"anchor\""
    }
  ]
}